r2	cor	mean	median	rmse	type	num_genes
0.7194053158601009	0.8488592340113228	7.627315617613195	5.370845456800193	10.318679423182767	test	50
0.7892305245503904	0.8897395096169644	6.6293772452388815	4.83317878578205	8.942657701225455	training	50
0.7186718569676555	0.8484631357341639	7.67276956120009	5.3459579549986245	10.332156848568333	test	50
0.7861261548627645	0.8879028806423488	6.696995651156267	4.697127126823045	9.008278104166225	training	50
0.7251610565570246	0.852225638372714	7.525599704558745	5.287112408948376	10.212299329626454	test	50
0.7960372008530671	0.8936177836826161	6.497256226885395	4.7498901843296375	8.797018506977762	training	50
0.7166722093785522	0.8473062451432122	7.687213930971654	5.442492707679124	10.36881171146046	test	50
0.784936598813094	0.8872627646218056	6.699580317394713	4.8550682475943985	9.033288599636984	training	50
0.7191220024259559	0.8486830484743952	7.680254509923576	5.417511390339703	10.323887438701544	test	50
0.7886091961730001	0.889350858961484	6.669586753021481	4.861059146921017	8.955830417359325	training	50
0.7201501431427069	0.8493205593818145	7.68636702460576	5.483028796142133	10.304975063350792	test	50
0.7877615980972438	0.8888879228920442	6.709026429478238	4.769652271745306	8.973752935192463	training	50
0.7193376327951734	0.8488324093571077	7.7281367415434365	5.652886234629755	10.319923847575225	test	50
0.7842418223192257	0.886870290421446	6.77576915460078	4.914328944397909	9.047880802572461	training	50
0.7181038740430147	0.8480879161218747	7.689291180586819	5.379438746329029	10.342581560374795	test	50
0.7886476231950555	0.8893936321315822	6.668558157675912	4.738712087352925	8.954978334245506	training	50
0.7311840038782481	0.8558123847709851	7.5641735050308965	5.4680904548249	10.099780951993532	test	50
0.8011031990892867	0.8965563882141542	6.508861214711181	4.785065769347651	8.687070811695058	training	50
0.7187290881102584	0.8484994767843095	7.737281496239625	5.60190506023536	10.331105849524851	test	50
0.7849939452663975	0.8872939619618991	6.765002057194959	4.900261664960506	9.032106720437017	training	50
0.7310707974228554	0.8556928908560762	7.426909887053858	5.02773607167041	10.101907388046143	test	100
0.8170318405506016	0.9056270808014039	6.114179101202934	4.299054773342875	8.331819584311042	training	100
0.7166002189681171	0.8472433951980901	7.69373497098284	5.355637871264037	10.370128927111558	test	100
0.7936056486700419	0.8922624320111648	6.576375627267453	4.596327925707761	8.849269821159849	training	100
0.717415709022492	0.8476893886741704	7.724494056945018	5.516648465732757	10.355198023920197	test	100
0.7950588449203835	0.8930741711357373	6.594041416171078	4.828309808766585	8.81815091038408	training	100
0.7209143339464742	0.8497869318093971	7.675256283583254	5.6867646922377855	10.290895458853637	test	100
0.7973438499295052	0.8944337591894299	6.5393007028999	4.838806286272189	8.768821169533236	training	100
0.7206445157683737	0.849557202676432	7.683138940621164	5.532899665698949	10.29586884195584	test	100
0.7988363378863161	0.8953326598298141	6.52613173219716	4.808090564610733	8.736399771944413	training	100
0.7210546590443458	0.8498068467322974	7.610966921359183	5.338213221187928	10.288307987237298	test	100
0.8111401344899478	0.9023524279751648	6.292142329297765	4.536773522909184	8.464832256652198	training	100
0.7196190801183402	0.8489825474322523	7.660475304062003	5.746708447381078	10.314748156412891	test	100
0.7980890083207473	0.8948420336387423	6.5175286764201585	4.9427952661455485	8.752674248178959	training	100
0.7314251832426466	0.8558250070688551	7.387504190908792	5.418327611530316	10.095249217668293	test	100
0.8209892984449645	0.9077499875747099	6.051084625695848	4.650823023415006	8.241279470618556	training	100
0.738251542194635	0.8598431831824461	7.377081798318711	5.657425913144273	9.966128130073407	test	100
0.8330585703505047	0.9145397682507748	5.94035775974039	4.668795983229528	7.958619985178973	training	100
0.731872960387863	0.8561419107193611	7.352238213203578	5.201915920851491	10.086830134203154	test	100
0.8255116830574987	0.9102787532829583	5.965414322675385	4.379269776955547	8.136515749100491	training	100
0.721858997262188	0.8502586450580188	7.613631655358672	5.184736073114315	10.27346412331781	test	150
0.806638542794615	0.8997418620454617	6.347401049558681	4.618213024643775	8.565230328991147	training	150
0.7166647886452835	0.8472765434058721	7.707153194112941	5.734900778177719	10.36894749708538	test	150
0.8021194705977172	0.8971210562898044	6.452026920986102	4.845462705265356	8.664866900750088	training	150
0.733058269741403	0.8567857742838024	7.381565336157936	5.208984205394348	10.06451001143617	test	150
0.8253952833080146	0.9102853101336046	5.993060337892881	4.214105022823047	8.13906150372157	training	150
0.7187113915835839	0.8485174264648766	7.645336220833711	5.571363789895967	10.331430841919978	test	150
0.8075888120770923	0.900304118943669	6.349996719855685	4.630869579648844	8.544059562063062	training	150
0.7153980430308977	0.8465677010967105	7.775055035770525	5.652348571010246	10.392100585828455	test	150
0.8016188693771551	0.8968804069677307	6.508943048758414	4.84539330959994	8.67581629196435	training	150
0.7130173841689076	0.8451261555363712	7.719894661506098	5.594253003263994	10.43547436486006	test	150
0.7996083878073847	0.8957530766858695	6.485746517684547	4.674379103552385	8.71969575331392	training	150
0.7181451531144782	0.8481328451075234	7.634748967386343	5.649247039545266	10.341824281798601	test	150
0.8096288646393484	0.9014266525489221	6.2954744520743615	4.935420239869175	8.49878364315661	training	150
0.7435407807845731	0.8628432727275627	7.348075157791448	5.244929209647811	9.864919791608155	test	150
0.8389821202495318	0.9179625581776638	5.798673766351338	4.14998937937728	7.8159952169610145	training	150
0.7222612936784091	0.8505379242325845	7.596946711985783	5.255632339202317	10.266031789897324	test	150
0.8182355516136796	0.9063994639009109	6.16484957132381	4.3877422748385015	8.304332845794995	training	150
0.7302890221986356	0.8551839031860015	7.567889292468871	5.489734696657861	10.11657981805492	test	150
0.8306731548870758	0.9134021585636467	6.007887993769221	4.5226424092682365	8.015088552415687	training	150
0.7534429663300217	0.8685382946784823	7.248021418250188	5.611530161201305	9.672597115148434	test	200
0.8618492232957551	0.9305039315808773	5.443151153788514	4.065771507388532	7.239622415494171	training	200
0.7277340068582279	0.8537487756409932	7.511969054386334	5.617809347329876	10.164384860110362	test	200
0.8316865678552173	0.9140211246067488	5.9439685424540345	4.676091458942389	7.991109404042207	training	200
0.727300809387907	0.8534334836790148	7.38796871866824	5.015467115385391	10.172467830173451	test	200
0.8303975233934223	0.9133240982444564	5.846968466798222	4.110309225566009	8.021367065739032	training	200
0.7271363068702434	0.8533747981962168	7.519348718456824	5.334452066464087	10.175535577234127	test	200
0.8207302597301424	0.907694400606803	6.1025513905682836	4.590023438638445	8.247210775980728	training	200
0.7452139131707669	0.8638443719840437	7.306423698094341	5.313271987368631	9.832687912669128	test	200
0.8568889005640207	0.9277766743132384	5.495460041611759	3.833686162947067	7.368605669665254	training	200
0.7337053128790693	0.8572072949290291	7.42650815248608	5.579609227058136	10.052304869975599	test	200
0.8489131365132515	0.9235396081859961	5.5951468258780395	4.265052890671973	7.570826021204479	training	200
0.7397222584859695	0.8606797789114299	7.433871303737282	5.144071472960563	9.93808977140436	test	200
0.8339412409243829	0.915078108141206	5.935803138335075	4.219802575105132	7.937524796993761	training	200
0.7409105609703882	0.8612922014374108	7.361306525694026	5.502006617798749	9.915377559012015	test	200
0.8555032628828103	0.9272772402603606	5.541609791015633	4.250290113274963	7.4038466703593695	training	200
0.7257436739698806	0.8525666542229534	7.4232915513707365	4.994755492964128	10.201469314251497	test	200
0.8336548781328446	0.9149053075150544	5.820077718528972	4.198358765898674	7.944321863379951	training	200
0.7162126451677179	0.8470103518888934	7.664317664506489	5.4892344136730244	10.377217530100623	test	200
0.8062142488552282	0.8995490482807253	6.353154349932773	4.753728295893877	8.574636569250575	training	200
0.7227583621688105	0.8508440969383878	7.646665861650605	5.914404541446647	10.256841126108617	test	250
0.8348786631864956	0.9158569673182055	5.962099460154717	4.615759059526488	7.914828434635556	training	250
0.7421693438074966	0.8620428741790223	7.2822850246895685	5.464867766978827	9.891261361627988	test	250
0.8583498086001933	0.9288399144550941	5.453580291073532	4.101392130548706	7.3306023971742595	training	250
0.7252581774251095	0.852216061059548	7.540535054758201	5.218572893111333	10.210494790938204	test	250
0.8256775489802909	0.9106275321928069	6.012604016757013	4.394148181691381	8.132383466728456	training	250
0.7298429963222324	0.8549452508335023	7.439236289944261	5.537797246013415	10.12494134723224	test	250
0.8213810015806046	0.9081361288436405	6.0648329972562545	4.528665289706129	8.232057686162307	training	250
0.7206970430054322	0.849616248077356	7.648955866099364	5.500012250129638	10.294900829873374	test	250
0.8161298258753441	0.9052128103314255	6.238647307362418	4.663709175916272	8.35233662741558	training	250
0.7405097336138426	0.8610709701777415	7.278128150495246	5.608508375378031	9.923044445466203	test	250
0.8773596668703305	0.9391376776868405	5.101259655914716	4.039681690409493	6.820772685988653	training	250
0.7515462482734588	0.8674664643889158	7.066079679251868	5.067597104937569	9.709730594828459	test	250
0.8674209274120337	0.9336200785139802	5.179084343369748	3.825391869144008	7.09213219580827	training	250
0.7568202548534241	0.8704512493969336	7.195308219073195	5.356098104171625	9.60612204740934	test	250
0.8731878686131148	0.9365707832122863	5.221793634493022	3.9946518272012437	6.936186887656377	training	250
0.7208705361565392	0.8496908797862981	7.638326894322571	5.500232486360317	10.291702918445065	test	250
0.8230386392161135	0.909077037827114	6.123388540442903	4.494476410666156	8.193819046752074	training	250
0.7332317262890886	0.8569599246630982	7.3722396370620285	5.348163887352456	10.06123956202842	test	250
0.8447735467691018	0.9212700400365292	5.649955074319251	4.150887261124252	7.673628348299529	training	250
0.7583343847154097	0.8712940522461593	7.075926188237898	5.516788196916574	9.576169660646581	test	300
0.8790120231327936	0.9397919155939712	5.036915226595102	3.929697017320519	6.775085951230278	training	300
0.715702040257302	0.8467159868659355	7.670531954367141	5.37846632423028	10.386548948280133	test	300
0.8067305874351598	0.8998215506379549	6.351024391360227	4.629272560039385	8.563172330902836	training	300
0.7233703008897039	0.8511928565288213	7.5895582123379475	5.3831100931080345	10.245515219973367	test	300
0.8443389551261765	0.9211353370266173	5.757954210249272	4.5608421981556315	7.684686707029724	training	300
0.7457487664546198	0.8641145711859038	7.2285393429854174	5.109685695597648	9.822361979324233	test	300
0.8992346334271456	0.9507288753987584	4.644615535077252	3.522822875604864	6.182597831269819	training	300
0.7198266398953778	0.8491121445600704	7.636443305873199	5.569409501828524	10.310929559920423	test	300
0.804038355061654	0.8982666718079111	6.38422169218857	4.767501114906832	8.622772980545772	training	300
0.7469179060456336	0.8647798393073637	7.175226464032126	5.2026766737876295	9.799752562413795	test	300
0.8766141334029239	0.9388099255431173	5.090260986885527	3.7730907576919788	6.840946383149694	training	300
0.7484741688967552	0.865606700229952	7.106152615303037	5.016156813104247	9.769575578151088	test	300
0.8922642663014775	0.9471048613539393	4.751204718527372	3.558893144159201	6.3932134550284525	training	300
0.7477077798837645	0.8651737752137926	7.073389047459983	4.994612174040951	9.784448008256827	test	300
0.8616565311070731	0.9306193559279262	5.229131014573059	3.7080991169296125	7.243958708181122	training	300
0.7401261264454289	0.8609076288944402	7.309278288335594	5.467213732443739	9.93037640681036	test	300
0.8544758490993555	0.9266024760828292	5.496689053317415	4.129791395157728	7.430288343773072	training	300
0.7252401455217394	0.8522953649132012	7.495951448173503	5.166524375241624	10.210829853930875	test	300
0.8216569973747218	0.9083343768067723	6.050509170196348	4.282087885616203	8.225792295336436	training	300
0.7496167825821689	0.8662698954512156	7.172811838959898	5.384543126893268	9.747360052541186	test	350
0.887126033511905	0.9443885379045422	4.865302853547185	3.6839448161223918	6.543851471725003	training	350
0.7552370261779252	0.8695332883333426	7.2242962138735525	5.870584536538347	9.637341781565938	test	350
0.8707425879589212	0.9354152388301424	5.2717910752207855	4.345860313030486	7.002808402087401	training	350
0.7315688897961664	0.85592101660557	7.5027991201258155	5.664659140088216	10.09254801953397	test	350
0.828813151191683	0.9123596820532953	5.985348710103228	4.73865835103781	8.058990412545937	training	350
0.7153562573229524	0.8464925871489981	7.776895526172186	5.636744855955692	10.392863450122881	test	350
0.8100200054894359	0.9017696120057042	6.357608244343335	4.756361305791588	8.489914344987417	training	350
0.7525487644417632	0.8680472210084277	7.011915591643882	4.99858163727599	9.69012130921323	test	350
0.8817869546015681	0.9415465484874764	4.880187453519335	3.5534507782681812	6.69653792910449	training	350
0.742571502763148	0.8622537485761226	7.273255539863185	5.347514358125462	9.883544258171911	test	350
0.8509313866184245	0.9246320641777424	5.547435561964242	4.327474189025235	7.520384618297063	training	350
0.7367808790985706	0.858949033005618	7.339068719291616	5.2694190357738036	9.994086817712848	test	350
0.8464772553915733	0.9221851922038675	5.613504370693499	4.181778390429307	7.631577232447102	training	350
0.75200087342866	0.8678443018565849	7.268604999658271	5.484944685258808	9.700843007232349	test	350
0.8651802044083435	0.9325792526185069	5.368896023691164	4.230790988955126	7.151188922395899	training	350
0.7280334812999589	0.853897050046456	7.53100462945715	5.532516103616432	10.15879324922091	test	350
0.8173236645431107	0.9058280746155094	6.153743195584736	4.617588219618309	8.325312612092606	training	350
0.744941405627638	0.8635958692461676	7.233295046090696	5.087120362057448	9.837944804006723	test	350
0.873838580351761	0.937126197214054	5.135405104013213	3.7126402740782423	6.918160599217962	training	350
0.7584754207505596	0.8714262575589938	6.816338384328391	4.475337176687063	9.573374926883739	test	400
0.8826287839723431	0.941883759066259	4.794173004590581	3.233843423004031	6.672636753756267	training	400
0.7398524551178527	0.86077387501765	7.487173611504706	5.610630451367616	9.935603835306715	test	400
0.8501599498768554	0.924319619233139	5.704570308395492	4.520321524874005	7.53960500330863	training	400
0.7580233475450875	0.8711059706989474	6.979106946840571	5.0216595116884175	9.582330212155098	test	400
0.8865031706531928	0.9440713234444177	4.784510095607931	3.497890791057671	6.561299929913333	training	400
0.734948091351024	0.8578399212647586	7.265699392547946	5.2854563385395	10.02882074028401	test	400
0.8537521632970124	0.9263207480166065	5.441130188684021	4.14515409037128	7.448291742118749	training	400
0.7684160700528128	0.8770504335641515	6.864423060085426	5.374033794660209	9.37429487463359	test	400
0.8867195881204273	0.944107532504827	4.79936551638068	3.7800738672093663	6.555597788588145	training	400
0.7291070174546973	0.854443231407907	7.499755424641996	5.563660522300925	10.138723471216935	test	400
0.8362880368221134	0.9166407563968826	5.84606282251979	4.555086584278462	7.880687645381446	training	400
0.7581204778848083	0.871124184290344	7.10274834996467	5.507274530517588	9.580406827402348	test	400
0.8787741608027927	0.939858621764746	5.067794090031281	4.03117251499133	6.781420144191211	training	400
0.7366071165410129	0.858801946943768	7.260561514040243	5.2012706373268	9.997385042350283	test	400
0.8571755103018522	0.9281523102441291	5.389297289050634	4.113003008683616	7.36052044492333	training	400
0.7359899033006585	0.8585074192391101	7.345901192599773	5.292359170710412	10.009091713566715	test	400
0.8402260125972463	0.9187470955358688	5.7094394169481015	4.164363474967473	7.785589556024029	training	400
0.7333132181891538	0.856862432153626	7.329880272861768	5.430827831633245	10.059702699823616	test	400
0.8511271767440507	0.9248124363073584	5.5019748805307085	4.17922589145043	7.514955492278658	training	400
0.7577111346943304	0.8711141114990404	7.103406113376013	5.374004917522665	9.588510069173712	test	450
0.880350852295241	0.9407558879790539	4.97963786208996	3.6707670063231808	6.736894007219679	training	450
0.7285116127543478	0.8541824942192149	7.507001559091458	5.370699765582184	10.149859474370214	test	450
0.8278863430493065	0.9119452078304889	5.974266181378051	4.488747724297851	8.080571602026845	training	450
0.7516890890113999	0.8674591086836095	7.025267734137067	4.709131558062659	9.706939040109992	test	450
0.8817485617308971	0.9415866699069878	4.861835052083267	3.3450768567401306	6.697674465472719	training	450
0.7399764167743423	0.860786909691383	7.363722294553295	5.450955582324282	9.933236369826378	test	450
0.8530121059787682	0.9258132713302778	5.561475794017819	4.374435760161198	7.4674717907514845	training	450
0.7268733781012443	0.8532178907692286	7.435811918810217	5.2271685729619115	10.180436919761085	test	450
0.8393108875597249	0.918353101249739	5.730176574346048	4.331172734072577	7.807684727837968	training	450
0.7491231190089136	0.8660973867325287	7.209207870442174	5.475141121695486	9.756964424483577	test	450
0.8763546813893678	0.9387090153427686	5.083898929306918	3.8860615928963873	6.8483362965406025	training	450
0.7467784856862834	0.8646980537863254	7.217201725440803	5.161224777457062	9.802451482922395	test	450
0.8704316588298828	0.9354086060075149	5.184748603017611	3.828046824748306	7.010944167154173	training	450
0.7235377476973917	0.8513163042699754	7.56439893852394	5.391515930443436	10.242413892611902	test	450
0.8307394980547677	0.9135081347332884	5.946724321607321	4.552348061497072	8.013463145890062	training	450
0.732319541367255	0.8562667531363128	7.297376566691536	4.987871861414915	10.07842653620665	test	450
0.8463559127409546	0.9221432338643208	5.553012240290076	4.03385779052684	7.6346986564289505	training	450
0.7556292903146569	0.8697561470314824	6.945057500667716	5.16054143248765	9.629616145314923	test	450
0.8759885456785768	0.938376254254222	4.965448826467204	3.8429053992068787	6.858796073524674	training	450
0.7486445409775461	0.8658362882740127	7.085599894352264	5.110071039632583	9.766266286088255	test	500
0.8807060211021424	0.941153389398593	4.932856738714805	3.7454384530695064	6.7265734490820766	training	500
0.7373164940187232	0.8592044171380603	7.286755684110936	4.961888316445555	9.983913339594528	test	500
0.860868606120155	0.9300376949408877	5.345980209076679	3.8329712076792326	7.265183078798292	training	500
0.7414658856597887	0.8615888827786395	7.212209855937005	4.883447699493118	9.904745694517949	test	500
0.8615591912791716	0.9307008846203305	5.259594493973111	3.8353736657113013	7.2466235226461935	training	500
0.777569126756119	0.8821349025100158	6.828086987115719	4.794963326369022	9.187173837265307	test	500
0.9206021681859685	0.9619982906147463	4.1280869663274355	3.1098311007509283	5.488113817174327	training	500
0.7455745150895939	0.8640196028573308	7.303203411259285	5.36040591616025	9.825727286159482	test	500
0.8653001774743633	0.9325023321086398	5.34995148530528	4.304394219731706	7.14841829447018	training	500
0.7233683467753895	0.8511861950883002	7.5449721179345834	5.293170924794001	10.245551407108472	test	500
0.8267615884791683	0.9112895388810861	5.987436381103202	4.369004948607389	8.107045975888402	training	500
0.7279835852260521	0.8538222791995185	7.49158712739292	5.234892192917332	10.159725093064377	test	500
0.8272923161429725	0.9115164019121875	5.962169284225539	4.311652116024718	8.094546242978122	training	500
0.7313596785205827	0.8557950294197679	7.52148540064806	5.672036179292217	10.09648024555382	test	500
0.8511028512131995	0.9249668212388058	5.601842918585338	4.464336130307119	7.515300964984497	training	500
0.7559478239118096	0.8699306025584097	6.989365587905226	5.07821094533411	9.623338067861894	test	500
0.8809129441450507	0.9411330900451116	4.886367219882181	3.5846966927294464	6.721205447370392	training	500
0.725822141383957	0.8525837583573224	7.567138337913917	5.6573255377852405	10.20000983983728	test	500
0.8283360048315755	0.9120074399625382	6.001886533510825	4.6687434427330485	8.07023191861009	training	500
0.7541155155016102	0.8687683947862446	7.023222863910184	4.872390556213787	9.659395829895725	test	550
0.8877703951018462	0.9447818138631604	4.757423667745978	3.6664472944502013	6.525129939607133	training	550
0.731457327172485	0.855841292507742	7.405676358560216	5.334142778446527	10.094645083043176	test	550
0.8467402668795018	0.9225030670540844	5.638916480223648	4.489398538560202	7.624961613064285	training	550
0.7299635395757702	0.8549859871806355	7.446043480953878	5.42594696811983	10.122682235806714	test	550
0.8331382865085192	0.9148963664635424	5.8750053947233	4.552529629678136	7.956130660195576	training	550
0.7301092984615887	0.8550724139317113	7.342140412658128	5.239115703512347	10.119949882477215	test	550
0.847980501658529	0.9231625437258469	5.549194809387768	4.153358060695723	7.593681451332975	training	550
0.7254237940848287	0.852341922280909	7.418701514780455	5.018141735827702	10.207416841349401	test	550
0.8440432654850749	0.920905824716444	5.606824689511152	4.065943666342665	7.69177205509647	training	550
0.7269093857735494	0.853187051128589	7.437322907082835	5.307016873440673	10.179765828242067	test	550
0.8381696405541826	0.9176253730046218	5.77062088096579	4.315392008942966	7.835424043272746	training	550
0.73699807410774	0.859067329052839	7.34344733274566	5.420215826425328	9.989962661123993	test	550
0.8402058912119302	0.9187496484081672	5.715396967303243	4.329152628144253	7.786139432911188	training	550
0.7335441497089269	0.8570731487002166	7.3110909107913304	5.337585935761347	10.055346268010968	test	550
0.8376971251607945	0.9174156818832734	5.723977317391054	4.167881701868148	7.84677177870586	training	550
0.7355159516557166	0.8582238745574219	7.355502049783247	5.119671039260755	10.01807185943627	test	550
0.8509488659438192	0.9248126577149707	5.526458592244856	4.160510081233396	7.519435477011553	training	550
0.7295573430228395	0.8547551983094248	7.402405459970413	5.313918161697718	10.130292788683164	test	550
0.846835912538499	0.9225929786547806	5.61072951518045	4.252235206478265	7.622158217024279	training	550
0.7336086070509609	0.8570479743391367	7.387014508966385	5.234377429317503	10.054129968772205	test	600
0.846222213202594	0.9221585687589751	5.630549095450613	4.126985214001842	7.6377627046701475	training	600
0.7291496914220161	0.8545083262187543	7.40507792040716	5.36857750798539	10.137924859546311	test	600
0.8354312110689402	0.9161611642286644	5.784820471067064	4.407097772500926	7.901238136366221	training	600
0.7503167557394812	0.8667156812873197	7.118224958638906	5.3669151188927575	9.733725621149215	test	600
0.8734898837245934	0.937171316346185	5.0974454886387175	3.9623133645714343	6.927390874954683	training	600
0.7552741022552687	0.8695851597608508	7.11116526533948	5.223633025552796	9.636611833820961	test	600
0.8852494768225531	0.9435276414043392	4.867589190136306	3.768227553362304	6.597398460273506	training	600
0.7870904137507748	0.8876266141013895	6.506569162429212	4.824342912737176	8.988392084729032	test	600
0.9211583056379734	0.9622859469130659	4.004933864978531	2.836968065574394	5.46886125989249	training	600
0.7726224820121743	0.879517594923763	6.8911351286481635	4.613224788987857	9.28876897267318	test	600
0.9175645824613897	0.9603938721671165	4.149253928071114	2.9050667835456507	5.592343655876178	training	600
0.7870876064097934	0.8877679639254533	6.634801295544752	5.1558257000821435	8.988451343212226	test	600
0.9231688156517136	0.9633645225108387	4.021239227455746	3.1271403848068937	5.398538339683499	training	600
0.728519230199502	0.8541273435739184	7.449620948034989	5.62494162000136	10.14971708054447	test	600
0.8412106420013231	0.9194197579273851	5.746319685652726	4.468388350504782	7.761088613168079	training	600
0.7297636808982424	0.8548789668477085	7.352183266602561	5.1170994589503636	10.126427529471892	test	600
0.8606518325398509	0.9301660380632565	5.3586149934364125	4.007982298191614	7.2702054653302035	training	600
0.7343792627274418	0.857551424921197	7.304484208233211	5.1876379095735885	10.03957641244522	test	600
0.8462274867098852	0.922218992522976	5.562780477215747	4.185604924398715	7.637597320253068	training	600
0.7643891041812985	0.8747260070279594	6.757361411202465	4.523349087592868	9.455447462396323	test	650
0.8946049009098365	0.9484158605790244	4.536214962325154	3.299826967017601	6.323099704901019	training	650
0.7647914831712816	0.8749528352936445	6.842087215647696	4.6270634728561095	9.447369951398096	test	650
0.9022309732467536	0.9525069188151059	4.456709993974611	3.2292218179255987	6.08975371865646	training	650
0.7463289972491101	0.8644156158038306	7.165578007541678	5.174926067994383	9.811147693141809	test	650
0.8860966587451671	0.9442031444532447	4.845793852363385	3.6279318821420783	6.572629522042309	training	650
0.7637270482775211	0.8744218822781693	6.89012130433713	4.917640789070051	9.468722831852405	test	650
0.894250127211191	0.9482584924208873	4.656857290389966	3.5005342228142147	6.333820277433584	training	650
0.7330568928324807	0.8567773665030359	7.362761434806279	5.393505531748293	10.064535968216607	test	650
0.8423259275703592	0.9199669528842176	5.657825251223567	4.329886720333598	7.734073933924962	training	650
0.7336420544485556	0.8571091629145657	7.323051266279527	4.951657427201086	10.053498763996364	test	650
0.8438797755896557	0.9208601250624654	5.621230239945787	4.084072521162202	7.69579584336838	training	650
0.7767025550710601	0.8816196509606545	6.6982696765162855	4.571884643806007	9.20505266291002	test	650
0.913412924581122	0.9581573607053409	4.216571284796823	3.0591926220653574	5.731338773852741	training	650
0.7309001138644302	0.8555567877892233	7.395591542926818	5.692143279015436	10.105112610809844	test	650
0.8548373065476365	0.9268806290208036	5.501217922976923	4.251296945420042	7.420505060372414	training	650
0.7429549984837965	0.8624193821889468	7.075926793331818	5.125307336612359	9.876179670259466	test	650
0.8839387616827112	0.9429438850084536	4.806856807753496	3.5978913160071984	6.634680345468384	training	650
0.7253150927115847	0.8523271445299264	7.5479616870007895	5.564274102003754	10.209437137373632	test	650
0.8264581302633893	0.911068321624125	6.016094779319638	4.548659824132437	8.11425012819962	training	650
0.7399350649924326	0.8606867255524505	7.220139581123172	5.057246076969397	9.93402618413757	test	700
0.8742508380548019	0.9374663377827901	5.069542261582756	3.683872947374603	6.906518452872154	training	700
0.765739133065246	0.8757279452894	6.738318630258044	4.757156496731361	9.428319121261055	test	700
0.8997639640425839	0.9512701667975798	4.434105713777799	3.1808381074089183	6.166204019522996	training	700
0.7463149542233853	0.8643236683574874	7.299435792437657	5.121892700399927	9.81141925806484	test	700
0.8643338462310256	0.9321457978580069	5.306695818404597	4.071385065894734	7.173884735237749	training	700
0.7648588639777788	0.8750907698710482	6.925438587325425	5.133136848300426	9.446016647929772	test	700
0.8967782422000484	0.9496691713470754	4.617989283134455	3.491873895402541	6.257499939024849	training	700
0.7743813762134477	0.8805250722447878	6.677674798312001	4.900632800726523	9.252772272821947	test	700
0.9106525659507845	0.956991634734289	4.241215023148898	3.037383504048659	5.821796798667229	training	700
0.7487886794086822	0.86585116446341015	7.109428603500975	5.198966060124851	9.763465678191041	test	700
0.8870449502603676	0.9445942538144099	4.794100175158159	3.700321747012583	6.545418005522823	training	700
0.7517499746223115	0.8675281285542418	7.165312742567872	5.102466881879765	9.705748900811267	test	700
0.8867985723203595	0.9444050700832335	4.85596811927322	3.6906477116068324	6.552671668349305	training	700
0.7548763302561461	0.8692333288410615	6.972548206347528	4.825089933785764	9.644440220732214	test	700
0.8844784748120369	0.9429898796050535	4.829116768491747	3.498121547404881	6.61987365996809	training	700
0.7389172632707082	0.8600665196007915	7.334562733359729	5.349849252070648	9.9534463256448	test	700
0.8756272192009381	0.938457913778696	5.082893306475786	3.937874581878095	6.867799886127011	training	700
0.7463857286888826	0.864451210691803	7.174350058312963	5.14313760986794	9.810050540428875	test	700
0.8699838328032581	0.9351384804322094	5.156567518730078	3.884315284635992	7.022808064089168	training	700
0.7485012783871694	0.8656917128282617	7.092372343186456	4.982268926736191	9.769049080830605	test	750
0.876442441500209	0.9387437831261246	4.999735187399368	3.749981028529841	6.8461323719425335	training	750
0.7288294338564463	0.8543449745190748	7.481280596216178	5.4026855996971275	10.14391670790078	test	750
0.8281711409460474	0.9120523370957344	5.9636516849805306	4.584470393568071	8.073955251321669	training	750
0.731235757276238	0.8557081958450571	7.434951380763787	5.50914439652753	10.09880868257673	test	750
0.8424641231388668	0.9201152690176007	5.733585059495385	4.284078416577752	7.730430772710504	training	750
0.7214061705816331	0.8499970509591963	7.568738578920819	5.3841699471406965	10.281823564557495	test	750
0.8262184496897312	0.9109207497181059	6.0109865420189985	4.49641325767517	8.119653241251752	training	750
0.7602556492050776	0.8724958618870569	7.034270750580928	5.348900427394275	9.538027974785129	test	750
0.9025327413586373	0.9528832027375459	4.5151264314956165	3.6600826716521584	6.079832378939836	training	750
0.732122151828394	0.8561918573017444	7.263794528964006	5.110988859511044	10.082141804341322	test	750
0.8581286987516632	0.9288267703448866	5.3270701263335845	3.918412645773771	7.335467790711023	training	750
0.7457843386172973	0.8640724446999734	7.198548190813505	5.038611029679684	9.821674834417648	test	750
0.8728922429366083	0.936923619644883	5.120445121629572	3.7385346481856163	6.943736832588488	training	750
0.749382916574179	0.8662020024717471	7.111362909401483	5.20950538722969	9.7519111645455	test	750
0.8772461361161235	0.9392436987880126	4.9898310065489655	3.717869534171845	6.823776427732604	training	750
0.7277019419334235	0.8536271178917835	7.500463827571921	5.282045423661417	10.164983375255558	test	750
0.8367141369678984	0.916877536592162	5.814649207886715	4.212186626565771	7.870428919219297	training	750
0.7387988768696421	0.8601092886316738	7.288945036063178	4.950148573227025	9.955702735154086	test	750
0.8572217527359577	0.9282837510420472	5.400248716771463	3.949293201657487	7.359001735672203	training	750
0.7236755907943571	0.8513119562279633	7.480397558589681	5.331368208826969	10.23986015865936	test	800
0.8385860212774061	0.917877939815902	5.762308600811805	4.190565742891485	7.8250818786256575	training	800
0.7538895233221584	0.8687998567173008	7.133263731360481	5.467400517615054	9.663833780839047	test	800
0.8935231936914174	0.9481373288604548	4.71665997183875	3.735848975811175	6.354661806428411	training	800
0.7342846176749738	0.8574709960719583	7.2229856204712775	5.210978290207733	10.041364886527653	test	800
0.8667810069446358	0.9335736369714552	5.160046384567784	3.825953569947181	7.108155001813758	training	800
0.7504824685443767	0.8668613882942251	7.060607410770394	5.282877395277902	9.730494986464981	test	800
0.8855823967469721	0.943787992070087	4.810207552315681	3.740885739618058	6.5878348983681425	training	800
0.7495434228059659	0.8663067418777467	7.146305646510129	5.382462657436111	9.748787887422475	test	800
0.8814889958207361	0.9414984642278084	4.9478594639175775	3.8972332326410855	6.704618841213056	training	800
0.7286390403333671	0.8542265756509203	7.505853823418609	5.4254152627068875	10.147477192322423	test	800
0.8306974308517632	0.9134892524411172	5.932221202480788	4.459288633032838	8.014354770955132	training	800
0.7621476847551909	0.873550598804919	6.840435468856204	4.652640886610901	9.500316900554537	test	800
0.9106948409095258	0.9571441244332103	4.2560926724257895	3.043520110228702	5.819757890072164	training	800
0.7511884540639862	0.8671631346514901	7.006840662296128	5.189750345812589	9.716719492187707	test	800
0.8925081186419376	0.9475490778000731	4.60657694493739	3.5257612594709666	6.385391425123088	training	800
0.7617353801816935	0.8733362468110641	6.9724026789524	4.882204048166633	9.508547487009404	test	800
0.8916800099273938	0.9469267657669632	4.717150531942658	3.4923848326125677	6.410030090503024	training	800
0.7751991221974757	0.8810691415611813	6.760494919389259	4.832645289392596	9.23598889355138	test	800
0.92155920046618	0.9627473059302094	4.023764707725798	2.9212665926250168	5.454558937069117	training	800
0.7711283933205155	0.8785641146763056	6.837889809738283	4.718309200762622	9.319237070513273	test	850
0.9122737385683107	0.9578701545453043	4.233571553254228	2.970117577797322	5.768399164090337	training	850
0.7460246894227529	0.8643140903520524	7.207741079466839	5.223332004955081	9.817030734831004	test	850
0.8699561746977116	0.9353865913673522	5.175551165311792	4.024217507496119	7.023039592036919	training	850
0.7385388691542158	0.8598369998083762	7.3784458537047435	5.697444550002302	9.9606566106005	test	850
0.8676659430451346	0.9340698595644521	5.271998502539891	4.218900135967043	7.084628069641357	training	850
0.7744053865970519	0.8806089911160426	6.588769778684739	4.869775609332217	9.252279918691539	test	850
0.9115236174513114	0.9574027772667651	4.188352726680447	3.1299762963070723	5.793194665540954	training	850
0.7900996018781442	0.8891894661473245	6.4563789206191595	4.4469162708153736	8.92464668113165	test	850
0.9407121804146611	0.97244964460594	3.5047980750543615	2.633778017277967	4.742033809928264	training	850
0.7635812359840619	0.8743432501801393	6.873479147068847	4.892837520460701	9.47164412105434	test	850
0.9066502451349816	0.955041727576633	4.3585849568147665	3.175778149121757	5.950263401287887	training	850
0.7349976177600075	0.857827144131232	7.347635041264594	5.110691096641361	10.027883726314387	test	850
0.8661637989619185	0.9333013917357665	5.258856304715314	3.9243920272523027	7.1247340736842775	training	850
0.7485704722855535	0.8656700529194307	7.173968119992422	5.016664315099021	9.767705127499635	test	850
0.8794136707184667	0.9402922658715693	4.990587121517776	3.7084645464531976	6.763461438966851	training	850
0.7421836313819855	0.8620625106714677	7.19170506346068	5.175163606472875	9.89098729784236	test	850
0.8689744030962541	0.934790465495791	5.136769019105818	3.903099056975008	7.049867915578843	training	850
0.7624005526105238	0.873647040116854	6.907013272012956	4.834714516492632	9.495265523206228	test	850
0.9013186174309712	0.9519395944409977	4.487746680620869	3.337956384537142	6.118086409362438	training	850
0.7335706679112847	0.8570147566868358	7.316181611508594	5.175869588894231	10.054845891791935	test	900
0.8573796025750366	0.928328912933798	5.37837781303452	3.9804473506003153	7.355465358165321	training	900
0.7422733010967799	0.8621053727413882	7.211381065748446	5.32240125946452	9.889267082894243	test	900
0.8665544031757496	0.9332876203026247	5.205423569500508	4.029381637992337	7.114602889665382	training	900
0.7341374109551807	0.85746592740422245	7.405763064997203	5.112729456819211	10.044145966993781	test	900
0.8529968411612	0.9259520059766801	5.533728510924903	3.9770930219919705	7.467555082128361	training	900
0.7690013402302166	0.8775006472859563	6.635053929390024	4.4687178690267535	9.362441793879677	test	900
0.9026728740548267	0.952684452402029	4.325448495453097	3.0381851338709023	6.0760642085734125	training	900
0.763564443513848	0.8742708284893155	6.744163138727816	5.043296322119069	9.471980493419347	test	900
0.9074044197744312	0.9552263765277127	4.272889635123426	3.3526774912008883	5.9264115410958755	training	900
0.7592879953653925	0.8719891939092617	6.887888563251182	5.114678262430303	9.557257239406576	test	900
0.9040552990519671	0.953557735379261	4.382193126364266	3.3092317351290332	6.03241060043019	training	900
0.7696637501072241	0.8777800341711095	6.739123913924987	4.70290614483285	9.349008325588942	test	900
0.9104258596571783	0.956958142109031	4.223685662459866	3.019924423299273	5.828696940259807	training	900
0.7403781216560489	0.8610199528679803	7.234936463058801	4.898182860933593	9.925560581753523	test	900
0.8693680085173505	0.9350459183052632	5.178364083185985	3.7396421000839526	7.0391689319736095	training	900
0.7437873566312678	0.86287887396142	7.1702477458423886	5.14296022779345	9.860176277383376	test	900
0.8859317181693491	0.9440834599816015	4.826604056901239	3.412026586917261	6.577169841369036	training	900
0.7499555246686038	0.8665316599421983	7.157568289750312	5.316184222619318	9.740764245856836	test	900
0.8813014208099661	0.9413650931708529	4.953862254673845	3.7634355003346833	6.710186163405312	training	900
0.7510167315486113	0.867069832723948	7.158321913533968	5.102152299893753	9.72007201287585	test	950
0.8816952171287834	0.9415234511966698	4.954231739860497	3.6537099152870267	6.699161020105418	training	950
0.7502093434870561	0.8666372273087859	7.129296834324924	5.333503419418804	9.735819091571017	test	950
0.8839475618468958	0.942958513801192	4.8873954667436115	3.7576013769902508	6.634582770277827	training	950
0.7280169200403894	0.8538085524532413	7.490858433891974	5.395416641433394	10.15910255172538	test	950
0.8498975405632087	0.9242985760136174	5.594527970273972	4.2547752643221814	7.545778960525931	training	950
0.7882867884699027	0.888246729192681	6.373905990400644	4.300061286522698	8.963102866316062	test	950
0.937490830585905	0.9707341297904086	3.5329655529393196	2.4347874386060493	4.869579367367212	training	950
0.7458077950684241	0.8642076820957759	7.173861300803812	5.209265317733902	9.8212217015362	test	950
0.8696374583447228	0.935126963139508	5.1529741480560585	3.907885507326808	7.0322987768089735	training	950
0.7360278340464788	0.8584427038284281	7.227855317164583	5.153020015398816	10.008372676765248	test	950
0.8607822249884495	0.9303121334338549	5.276939500501313	4.06418312398483	7.2668864106034645	training	950
0.750543190056681	0.8668951102246594	7.032026757960728	4.894048037718562	9.729310928738304	test	950
0.8865080093781103	0.9442065658759546	4.769715699288554	3.5442326589105004	6.561276890853608	training	950
0.771125312298779	0.8787410532019048	6.812578889759427	4.858548635971434	9.319299797113063	test	950
0.9181663871866531	0.9609932286605826	4.104355367429093	3.003459044218961	5.571227474071328	training	950
0.7427095620065445	0.8623366514419263	7.2014793708951474	5.034287426481484	9.88089362381357	test	950
0.8666873096978991	0.9335803088979147	5.196106771704126	3.8887987074912576	7.111383519502551	training	950
0.7459415471431239	0.8642567766138936	7.233625245195645	5.488122250526224	9.818637472754	test	950
0.8758244911655302	0.9385675854608494	5.077480896138128	4.039640871713814	6.862721223410705	training	950
0.7311386869782073	0.8556398260652338	7.379175695656144	5.222218556149798	10.100632224765112	test	1000
0.8550309594962897	0.9270304709794164	5.462499713761865	4.005017719976906	7.415427394933373	training	1000
0.7564455888121662	0.8701866055125305	6.935958253844943	5.146341606045541	9.613519255818124	test	1000
0.908233297299768	0.9559373722733722	4.30645719120202	3.386848236035417	5.898605305265717	training	1000
0.7551447154284013	0.8695030196742423	6.92663971643254	5.030987368032059	9.639158940357655	test	1000
0.8951705681864834	0.9488708318817757	4.561634698346541	3.4460731406608014	6.3057812853282424	training	1000
0.739915701851309	0.860703573328059	7.205878346110107	4.906758895615141	9.934395996335873	test	1000
0.8708337867689289	0.9357433630373385	5.119102906943733	3.7926320556786615	6.9996189466222765	training	1000
0.7295695838216909	0.8547572930589706	7.457738340457047	5.455180259092321	10.130063526996217	test	1000
0.8479284646108777	0.923194808518326	5.606716580219785	4.176873395548327	7.595301163945029	training	1000
0.774931922569251	0.8807056745824674	6.63671938712135	4.9233302564160795	9.241476238467941	test	1000
0.9114090476678143	0.9573454082795783	4.195169872647275	3.219219409622964	5.796813838808122	training	1000
0.7411847797279218	0.8615930649551314	7.247712843485764	5.322572984324735	9.91012898086715	test	1000
0.8671137245724062	0.9338128414255503	5.23872136452978	3.873950234314676	7.099304426943164	training	1000
0.7584967094903566	0.8713265263017356	6.965613560697256	5.151934689396388	9.572953003823912	test	1000
0.8937184370806912	0.9478888763766342	4.667187165790883	3.652914098967558	6.349661783184186	training	1000
0.7498033681622966	0.8663747306159165	6.986263118475252	4.89040158098357	9.74372750918996	test	1000
0.8968368278083745	0.9497696972841375	4.557412904403851	3.3879851595503587	6.255211744669302	training	1000
0.7297272359688431	0.8548605587822476	7.460644609273084	5.299953574777965	10.12711034756125	test	1000
0.836496725239556	0.9167453114582361	5.8128121387013305	4.3396585116366975	7.875795367026338	training	1000
0.7756428470770208	0.8811196990540434	6.738147148441139	4.802166904805038	9.226869128468355	test	1050
0.9303073328736796	0.9670220624609327	3.857443635411514	3.058852076135619	5.141925543803361	training	1050
0.7694808125785825	0.8776863859226268	6.877289397710787	5.164488666841226	9.352720170833923	test	1050
0.8968266420703478	0.9494888180311515	4.613293090274889	3.4315995438609823	6.256141607503461	training	1050
0.7801390506241025	0.883834603712406	6.690013437939182	5.058951843956219	9.13394621838966	test	1050
0.9085708471359762	0.9557952489956636	4.29112159810662	3.0968578650135754	5.888953753073847	training	1050
0.7558676207308425	0.8698469329189706	6.945151428961047	4.741618412644744	9.624919202962003	test	1050
0.8950875992649947	0.9487544742697633	4.556489587925466	3.3050396387836662	6.308297674319673	training	1050
0.7383166873493618	0.8597803282224324	7.278482313987499	4.9321816479372504	9.96488784509466	test	1050
0.8704278132408156	0.9355864348824029	5.160675009833521	3.9132802976598122	7.010274758601129	training	1050
0.731144602261703	0.8556496933778672	7.3913784588063045	5.347712341194015	10.100521110914144	test	1050
0.8448819691755298	0.9214464661247327	5.6447430354341455	4.326824732999791	7.671179326544946	training	1050
0.7446347910939306	0.8634425155855713	7.184074627281642	5.513049923421498	9.843856290472232	test	1050
0.8705384749359496	0.935568936445086	5.125747090229337	3.831503876960903	7.007267548575434	training	1050
0.7599255728008882	0.8721974852712349	6.818166932595122	4.847980985099457	9.54459162286788	test	1050
0.9072023443958311	0.9551382864385566	4.264653642774909	3.017294811346887	5.933007427800404	training	1050
0.7270043587895307	0.8532518374463526	7.536406324104374	5.469982746828466	10.177995560273347	test	1050
0.8317417662024779	0.914119590211744	5.921127376704387	4.415460238728138	7.989543732220828	training	1050
0.7532201657404387	0.8684435369136094	7.143249028650216	5.302594450218585	9.676966436262974	test	1050
0.8954437942036055	0.9491517143255092	4.700554369106569	3.567713707317089	6.297048334964319	training	1050
0.7438409494235569	0.8629134681037839	7.248733344396128	5.283146828406672	9.859144981642709	test	1100
0.8806054464554767	0.9412921610483544	4.949817100354449	3.832087010393651	6.729140465714917	training	1100
0.7863017766911353	0.8870733525497488	6.56976623203633	4.85978210870406	9.005023621073036	test	1100
0.9353238104866567	0.9697568791892706	3.6579660630604978	2.7445931141838127	4.953272405707276	training	1100
0.7827773208767719	0.8852333678859401	6.50406399352485	4.8602658260842775	9.078978413811944	test	1100
0.9259174507380465	0.964951341872483	3.8191957036392568	2.904742722823264	5.300988208756546	training	1100
0.7555517132616039	0.8697127165214095	6.956502533573146	4.671279303672419	9.631144515807875	test	1100
0.8926167448359772	0.9475213439186984	4.615159619463798	3.3576310955091007	6.381832155594512	training	1100
0.7481727478717477	0.865575463803097	7.165453872505343	5.458612295726642	9.775427608881415	test	1100
0.8812812389353928	0.9415604633609401	4.944069714858514	3.7921778632230003	6.709753239261108	training	1100
0.7417188429913292	0.8617473438889849	7.141048439136651	5.188579635021338	9.899898962385322	test	1100
0.8745560031250428	0.9378212460404796	5.023004924231203	3.7605786783217616	6.8977907515327495	training	1100
0.7582719420376708	0.8712922962336173	6.942751123186202	5.161178139819353	9.577406748211466	test	1100
0.8934495831793967	0.9479046129247948	4.633649940819183	3.5280266030737972	6.3573235797313075	training	1100
0.7709756912613972	0.8783890082012281	6.700483235050682	4.886666809395398	9.322345427692268	test	1100
0.9230868008419587	0.9635865676429537	3.9348357138472836	2.9366868402552346	5.40121953841718	training	1100
0.7996613119317427	0.8946799178625618	6.280644880207669	4.475680216854752	8.719002724103284	test	1100
0.9440773337027948	0.9741492677888498	3.385381347641419	2.5067458282150192	4.605856185829634	training	1100
0.7519092702325839	0.8675716514196685	6.952086846839837	4.987169344529507	9.702634437294208	test	1100
0.9132814069823634	0.9584612902464583	4.210554490540913	3.193515003134652	5.7351933314498345	training	1100
0.730512751591784	0.8552694419748479	7.362165914852468	5.253251038528589	10.112383018478951	test	1150
0.8600016976930321	0.9298268931026928	5.355137661475387	3.880822424982099	7.287358588846269	training	1150
0.7692866705660708	0.8775225012044509	6.759201800005573	4.956279780836455	9.35665774712135	test	1150
0.9097207456708885	0.956548738578422	4.274345583943955	3.309344944380843	5.851531130380237	training	1150
0.7802050380447909	0.8837245757659914	6.5864135995006405	4.620130293915933	9.132575418380513	test	1150
0.9242827320425632	0.9639946868656443	3.916360549590349	3.1048959792571953	5.359161742105609	training	1150
0.7487766306085324	0.8657715886846047	6.971607008940322	5.004968295992608	9.763699816994817	test	1150
0.9029281769899187	0.9531882620671372	4.38996388408951	3.324133717888457	6.06650674455781	training	1150
0.7587919251489688	0.8716743569834949	6.922101057704253	4.944404730429275	9.567100185409053	test	1150
0.8897602837882209	0.9460274801093899	4.672457469822925	3.5253025280737726	6.466235621994003	training	1150
0.7744335986226693	0.8804022035438672	6.660208346509617	4.698438063393689	9.251701372698397	test	1150
0.9187381075554085	0.9611667793623024	4.01619576404246	2.939734837593212	5.552041566948403	training	1150
0.7374353350011154	0.8592462514282831	7.177958465599525	4.903747489754921	9.981654666573537	test	1150
0.8860377372248427	0.9440522798832174	4.785545988559404	3.4219529368881303	6.574755844192903	training	1150
0.7537375337539338	0.8685547999372165	6.944204805050576	4.995478573561389	9.66681734993142	test	1150
0.9062881336341093	0.9548900191251072	4.323024352347123	3.404778892626125	5.960985631855469	training	1150
0.7392137758897979	0.8603401887418634	7.195346720339122	5.050887503676137	9.947792637260294	test	1150
0.8602995417868262	0.930010001673419	5.294165331239529	3.823030021479939	7.279568843714207	training	1150
0.7595485409854217	0.8719666410343664	6.942070390218025	4.997511775347471	9.552083472313695	test	1150
0.9007787653404762	0.952013030880028	4.493066285795253	3.3422801476469823	6.13422693630115	training	1150
0.7737923023999119	0.8801092808898308	6.475885638945256	4.41635133861606	9.264843556292124	test	1200
0.9268210547830612	0.9655320764091596	3.739633790020546	2.733215534535757	5.2683372765604295	training	1200
0.7536828309009838	0.8685856713415135	7.048867852553299	5.157160624651868	9.66789094659696	test	1200
0.8904559869264267	0.9463222003394135	4.7398389937850665	3.5606433089624456	6.445879115613688	training	1200
0.7633436467090142	0.8741148465419378	6.841133913713835	5.179399152627009	9.476402195096922	test	1200
0.9073430140057411	0.9553486118210844	4.319450964490046	3.3034781126262467	5.928292232295139	training	1200
0.743602950695177	0.862805563152608	7.069798198957281	5.08632856309827	9.86372401015701	test	1200
0.8872731595737627	0.9446718487014161	4.755387491693959	3.667138904672637	6.5385074023051795	training	1200
0.7528102367919456	0.8680999589944925	7.092423444868395	5.013509012551115	9.68500036395648	test	1200
0.8875229491952282	0.9446749498289277	4.803983414472688	3.5292547635311826	6.53203684968119	training	1200
0.7757470987983858	0.8814762505040564	6.616973001753692	4.742044887350147	9.22472516125795	test	1200
0.9183422546229153	0.9612034220825018	4.026212147273573	2.911997583484953	5.56473787316423	training	1200
0.730718899817719	0.8554039034803265	7.377675593020419	5.250893152485157	10.108514470607062	test	1200
0.8416414560458992	0.9196793952754158	5.672953793826763	4.239272163739718	7.750764028873353	training	1200
0.7400914778043086	0.8608159041385613	7.206827192054098	5.262982572530143	9.931038386746305	test	1200
0.8767072232182794	0.9390146773160284	5.001000519038682	3.823659457255216	6.83804965882148	training	1200
0.7416356892982006	0.8616732008133475	7.19488946648798	4.896128291417843	9.901492471803685	test	1200
0.878439138579362	0.9398648495778342	4.956848726012736	3.565749672367864	6.790380680575541	training	1200
0.769704440791534	0.877796737722568	6.670678902879334	4.9381133267506065	9.348182501714119	test	1200
0.9113295171427549	0.9574662805814478	4.1764527586435145	3.1140286404723376	5.799191714187181	training	1200
0.7805335700694401	0.8840990056512683	6.586506130612668	5.045931491737842	9.125747542361069	test	1250
0.9231729447632897	0.9636389779594543	3.9308277212567306	2.9815722315820232	5.397979605802222	training	1250
0.7571198898954322	0.8705636528192932	7.050547422594938	5.480161690763133	9.600202109535273	test	1250
0.9029910076726811	0.9529664354323643	4.50509981223916	3.5938291198580803	6.065812834533445	training	1250
0.735092240310504	0.8578929167391441	7.306059770602537	5.15427206712765	10.02609327325803	test	1250
0.8531448274778326	0.9260576121459894	5.469145108336224	4.100882006080478	7.463828161985578	training	1250
0.7713199525056593	0.878748724500932	6.793219763246456	5.056398936823372	9.315336282688666	test	1250
0.910560857783875	0.9569580888157031	4.2586451934285465	3.16676740894805	5.824350658509081	training	1250
0.7589499033017355	0.8716985271038289	6.9357442553642885	4.904844027372629	9.563966707463454	test	1250
0.8937821720463565	0.9481222667775527	4.624002373625056	3.3753599399900724	6.347180324648072	training	1250
0.7767126151574014	0.8817257327089049	6.550729101212616	4.209864116565004	9.204845305706218	test	1250
0.9294974806281805	0.966707270798714	3.7527180919131307	2.6592287471046423	5.171450043316535	training	1250
0.7418203857788691	0.8618125292441847	7.204659592450541	5.269156307660332	9.89795270704781	test	1250
0.8760028856846028	0.93870559965248	5.026390590851638	3.8627216900001584	6.857368664792562	training	1250
0.7255464014095447	0.8524091777017052	7.547961208196215	5.422322234801857	10.205137612878636	test	1250
0.834861157554812	0.9158712056573242	5.879333420319332	4.462201564369726	7.915083142608718	training	1250
0.7348501029798542	0.8577945660173644	7.331664298317374	5.118174150426626	10.030674371531832	test	1250
0.8598477386969849	0.9298060012771595	5.360032329540645	4.101951976015454	7.290921835216575	training	1250
0.7611715272601759	0.872969256204457	6.842754752422627	5.070464799446213	9.519791821317051	test	1250
0.9015806496249358	0.9522488506550982	4.432189987943616	3.2695454012836804	6.109735689052861	training	1250
0.7676758160087614	0.8767458750043988	6.85848837281848	5.159921292188528	9.389265307063681	test	1300
0.9056669353955203	0.9545563479329037	4.369626999019621	3.302408365429429	5.981352106405491	training	1300
0.759691165744715	0.8721642158999195	6.893956432690106	4.795013283614711	9.549250123548864	test	1300
0.8999052004949936	0.9514541665247419	4.459834228681083	3.3230253209693195	6.161491758332373	training	1300
0.7816658961497885	0.8847529897351841	6.512138416041229	4.984167157822419	9.102175178678726	test	1300
0.9234014721139708	0.9635448309985163	3.9033221433125687	2.9800934942165664	5.390198802113004	training	1300
0.7973909933866705	0.893262543462299	6.28778419719399	4.595076041642148	8.768267168038435	test	1300
0.9486413405812192	0.9763260228169208	3.2609927698812315	2.354039895118691	4.414006242982172	training	1300
0.7530169379275613	0.8682389573668252	7.025651833188836	5.321271958035814	9.680950197755822	test	1300
0.89368365403451	0.9480456657960084	4.659064391093814	3.626351350813793	6.350274621010281	training	1300
0.7338672784003644	0.8572255544438544	7.261994586095969	5.240200466489758	10.049247402971906	test	1300
0.8684361382271087	0.9345492812035437	5.148976426008126	3.812521362794461	7.063875258192496	training	1300
0.7526895467147556	0.8681117733770984	7.011885121191511	4.862426714642686	9.687364419782886	test	1300
0.9017469925987838	0.9524965226942363	4.469112677067633	3.1651582246394403	6.10441143599808	training	1300
0.7622880500634057	0.8736707968635817	6.91125633468032	4.966187473859501	9.497513245468173	test	1300
0.8976173195786442	0.9501760402665516	4.533229669230488	3.3538281642201198	6.232136920929102	training	1300
0.7599686425331525	0.8722110455251475	6.891871578583651	4.894965369129062	9.543735427042579	test	1300
0.9057401714926145	0.9545839133964572	4.328823301182731	3.0653843611467737	5.978831905136968	training	1300
0.740944379182423	0.861275691755772	7.149739850140757	5.267777440665341	9.914730424793095	test	1300
0.8854606890914111	0.9437538395943973	4.805327630797788	3.6792536498763786	6.590903817803692	training	1300
0.7596802398027991	0.8720509329791946	6.948716139355799	5.2461439540499555	9.54946720538569	test	1350
0.9080627410334934	0.9557309372305577	4.342080540841179	3.399166432078454	5.90496293763352	training	1350
0.7336303322477735	0.8571060058547892	7.362206253277804	5.220757595629194	10.053719984794277	test	1350
0.8521792142758498	0.9255019797010166	5.507411023523109	4.200520311092411	7.487924898010777	training	1350
0.7785676790228012	0.8827994639301363	6.634236067547751	4.89725110778346	9.16652878853582	test	1350
0.927156636136874	0.9655492012990246	3.849953873363092	2.9830129772799054	5.256536691060295	training	1350
0.7635303962648492	0.8742134422967912	6.812519800102996	4.855396788603947	9.472662462058082	test	1350
0.9089862197905278	0.9561289139270212	4.249151133287978	3.181881029840799	5.875382681057892	training	1350
0.7950724010853809	0.8920967253148208	6.4180769434684155	4.917966853518173	8.818295063949085	test	1350
0.9351345905645871	0.9695254120768718	3.6621918104248783	2.9395509292377793	4.960424932781792	training	1350
0.7877962174977762	0.888153166387145	6.5415190563089105	4.540849898403096	8.973481278352251	test	1350
0.9316981320084031	0.9678614693238974	3.736984776714184	2.663342386060112	5.0900170614058	training	1350
0.7681810853135119	0.8769440814279017	6.778518045800008	4.622026641901785	9.379049646974485	test	1350
0.9145734048234678	0.9592134789708107	4.148218195224396	3.1197020452943316	5.692256294617148	training	1350
0.7623836438768125	0.8737990804295899	6.795600343213179	5.029379780317976	9.495603381862223	test	1350
0.9020926485188414	0.9525426404899252	4.421985757366532	3.3746401246097775	6.0940882591278225	training	1350
0.7337941060889659	0.8571372642598281	7.223353450916675	4.988514359480891	10.050628811689538	test	1350
0.8718764086724834	0.9364506140093347	5.0617761802804315	3.712243292454205	6.970139926688919	training	1350
0.7399339234797646	0.8608182326086128	7.2580328275174155	5.363839346689332	9.934047986008494	test	1350
0.8692914014396071	0.9349372256261984	5.181472466184146	4.04471595395289	7.041111356964474	training	1350
0.7671571623562785	0.8763191994365739	6.856291738679028	5.218834539482345	9.399740027775715	test	1400
0.9141179186926037	0.9589432440575698	4.179805704959231	3.238290861801501	5.707072560666425	training	1400
0.7853676214464353	0.8867131084669376	6.472932219301844	4.902942044495365	9.024684329643621	test	1400
0.9240293156893711	0.9639774300691749	3.8555733824050784	3.0423317247078763	5.3683352478258914	training	1400
0.7371500200350363	0.8591657069598284	7.161880615514994	5.043006524560237	9.987076458979162	test	1400
0.8773787680260564	0.9394906494672609	4.925900466698119	3.7695195751930313	6.818761330205887	training	1400
0.765828718365593	0.875643917014876	6.77959982481989	4.7607783834576765	9.426516174875328	test	1400
0.9032478310481257	0.9531530751028376	4.363795236538366	3.2448445541794397	6.058124527138041	training	1400
0.748272938561449	0.8655423589116299	7.134668901425016	5.1271816673324295	9.773482814859321	test	1400
0.8870298702533086	0.9444995242017473	4.80851001941364	3.7133461189068546	6.545531957114424	training	1400
0.7485969792229725	0.865730361303164	7.10557425213422	5.359392249267845	9.767190234171078	test	1400
0.8826721907847126	0.9422863238290515	4.875378187858094	3.631772697045648	6.670695786116394	training	1400
0.7351195439865619	0.8579546524291196	7.322867105646759	5.505389088292976	10.025576572166903	test	1400
0.8598990135911372	0.9298336687763241	5.359774732750744	4.245105989649462	7.289895644597543	training	1400
0.7899570110817791	0.8893680570493337	6.390859736996829	4.5454426432469415	8.927677538717944	test	1400
0.9394708768290755	0.9718490673892385	3.483005622267995	2.388616459351111	4.791796843931792	training	1400
0.7797944440413406	0.8834559786760138	6.609131116167354	4.651225696469012	9.141101617259567	test	1400
0.9335527080695433	0.9689385210365137	3.6649714093559203	2.6847336868919585	5.020285920742865	training	1400
0.7477713781791053	0.8653464410427081	7.170678829983968	5.348901922482845	9.783214689538466	test	1400
0.8811049959122127	0.9414739687748254	4.94537496283703	3.8141611077276805	6.71510653610572	training	1400
0.747928270216619	0.8653245562685943	7.125078305368847	4.9722454309805	9.780171523310141	test	1450
0.883664047975002	0.9428217370976486	4.867191768092357	3.4393565153234866	6.642504940550535	training	1450
0.7801905587950178	0.8837974829942883	6.448600684163337	4.0112027952490195	9.132876222961524	test	1450
0.9247788477905274	0.9645225834205627	3.8027337821653973	2.6420045938667203	5.341562854460847	training	1450
0.7542106607457012	0.8688889588760167	6.969507769684085	4.9387932921601285	9.6575267926942	test	1450
0.9060639284873605	0.9547347816045315	4.342320059547382	3.1680014471382276	5.96878612752502	training	1450
0.7394629129623005	0.8604782458249574	7.24108506500653	5.392413110486798	9.943039786259193	test	1450
0.8779257949656476	0.9398106995797326	4.999268974319986	3.9243280652807178	6.804244059919246	training	1450
0.759559559332384	0.8719825617296907	6.920569840612194	5.040441465409472	9.551864614470034	test	1450
0.896395699776506	0.9495257884046057	4.562692041113054	3.462660427814759	6.267823552437864	training	1450
0.7915887782846919	0.8903036943364779	6.423712580970699	4.553268098444912	8.892931567375442	test	1450
0.9297042197227601	0.9669344091148864	3.7502382956434954	2.653216495955554	5.1635650723828554	training	1450
0.7534578592023312	0.868546508538151	7.159435770303306	5.479640407866185	9.672304982072822	test	1450
0.89127824303265335	0.9469233007845111	4.758721904598298	3.6513457491658015	6.421153337891865	training	1450
0.763660954087068	0.8742523180115792	6.8536043178977435	5.059248774961405	9.470047113377305	test	1450
0.9055531150329811	0.954458136004184	4.366994029521577	3.321002751007081	5.985259803591571	training	1450
0.7449699992732737	0.8635760316458191	7.132913777574369	5.306735396210492	9.837393341326965	test	1450
0.8866734397691083	0.9444073918602763	4.787143067497518	3.5548079227456415	6.556141629110243	training	1450
0.7604571121670567	0.872540807702887	6.77013680348349	4.528659997706754	9.534019615018272	test	1450
0.9212058443257323	0.9627161182990319	3.9375871283691124	2.8982631118735234	5.466698076079637	training	1450
0.7545162060382068	0.8691713563404689	6.962473262613929	4.7429149350598365	9.651522200549545	test	1500
0.9016802088291479	0.9524627589999539	4.435522917355638	3.274789205643463	6.1067978825192055	training	1500
0.7607062758346278	0.8727112736883991	6.903628271304715	5.120360812075679	9.529059857348285	test	1500
0.8961802008952855	0.9493792124652423	4.573354274214213	3.6123781901255234	6.275370676894141	training	1500
0.7736836766778017	0.8799442353879177	6.599052111096841	4.769904535475687	9.267067794330849	test	1500
0.9311775835893176	0.967724275969191	3.6964492939520457	2.6983875170966813	5.109460010553744	training	1500
0.7560474471087104	0.8700252602786789	6.937785344009786	5.254856850013351	9.621373722417982	test	1500
0.9124190669306632	0.9580996089732999	4.237845382405905	3.2881289831580838	5.763376824474276	training	1500
0.7443206378307555	0.8632263530659231	7.168465448350408	5.2777401848065715	9.84990944288202	test	1500
0.8854824105488229	0.943731702496921	4.853703087977353	3.8202440053019795	6.590549352950209	training	1500
0.7433335689367089	0.8627613179343671	7.221916480560138	5.1397927686937095	9.868904276027287	test	1500
0.8723737783045228	0.936709715976803	5.123170071342784	3.813416668717835	6.957345343148673	training	1500
0.745163678886283	0.8637226782801544	6.995259373652611	4.76703147551385	9.833657183997614	test	1500
0.8898273833820188	0.9461165743554183	4.649680160307881	3.43140606791763	6.4638753895928485	training	1500
0.7503307377677833	0.8667202959664363	7.158383090893077	5.582007805279801	9.733453077565231	test	1500
0.888116074062482	0.9451858991925015	4.80369366207317	3.700463258144623	6.5143089925089726	training	1500
0.7710606172003369	0.8785064737290496	6.678318390121467	4.805438028350444	9.32061682876935	test	1500
0.9231482117730678	0.963526955257916	3.9190888464600038	2.943793006922895	5.3992699736339596	training	1500
0.7411490339431813	0.8614496767718354	7.233954890743433	5.198767848290389	9.910813316792774	test	1500
0.8716259343435426	0.9362236352644683	5.111146978769936	3.7586200961513643	6.9782611880028576	training	1500
0.7341599975716644	0.8574038872710559	7.306249777222408	5.413560264207451	10.043719302805657	test	1550
0.8596311043448642	0.9297537156923488	5.359261539161711	4.137154327364276	7.296264694132983	training	1550
0.74308553534125	0.8625484085919347	7.187139368428359	5.226518997086675	9.873671609086916	test	1550
0.8756745549498722	0.9384693631043856	5.027845571812915	3.8333827108704916	6.866885515058357	training	1550
0.7515052744408638	0.8673941355105206	7.036980278242951	4.91099442545052	9.710531203537007	test	1550
0.8889079224786991	0.9455943186419499	4.721854755040281	3.497456006594147	6.491384982531766	training	1550
0.7533849842583766	0.8684305908212171	6.975901503120544	4.810870639277587	9.6737343859897	test	1550
0.8962533998967502	0.9495718936486544	4.534994422104976	3.264717233415949	6.27305876767874	training	1550
0.7480356459119001	0.8654003062788973	7.079258576483041	5.099474971124765	9.778088258010756	test	1550
0.8803300481750235	0.9409799705516059	4.890507274998244	3.6812667619838155	6.7371217227738125	training	1550
0.7604574833935561	0.872451038518841	6.8135240183214165	4.643439808948742	9.534012227443274	test	1550
0.9126441006946028	0.9581070875770247	4.1826886492233015	3.103558734147794	5.756212272321796	training	1550
0.7605186805629303	0.8725476401096411	6.879472543279063	4.916425385337435	9.532794297869296	test	1550
0.9103558256198193	0.9570253111863012	4.24353055635659	3.02576702233256	5.830840193610306	training	1550
0.7651419364044312	0.8752103159094001	6.883261627622796	4.982608611645452	9.440329186934896	test	1550
0.907896032587954	0.9556873961314013	4.3106417978923615	3.2703891601242243	5.910047669398211	training	1550
0.7471437805342073	0.8648715023547033	7.096141008600435	5.077521005754563	9.79537847143872	test	1550
0.8874332243173588	0.9448339088689929	4.773549480302444	3.4770857997526456	6.533716951757107	training	1550
0.7682661480040847	0.8770781460933915	6.760962464525883	4.583219811424835	9.377328733910664	test	1550
0.9037506664095634	0.9535095272324998	4.365526524835266	3.103791965536556	6.041908218711587	training	1550
0.7462090802222464	0.8642761295747101	7.134424259874237	5.086798041764045	9.813466414316236	test	1600
0.8980281040277761	0.9505621996743249	4.562807575036108	3.511135630824144	6.217640083773106	training	1600
0.7690917388900262	0.8774977988196436	6.783205659666587	5.238232333305891	9.36060967283988	test	1600
0.9134004632591023	0.958497061805513	4.204661102317142	3.302963719251383	5.731248481226836	training	1600
0.7385610852849789	0.8599148333891592	7.2312135853246255	5.256261406350191	9.96023342733445	test	1600
0.8677490984934014	0.9341534813041432	5.186138715454674	3.858996385797325	7.082557893782186	training	1600
0.7709890285148542	0.87845253782222	6.64049190171028	4.62896358060895	9.322073979882475	test	1600
0.9308700945381814	0.9675325629063652	3.731289857950529	2.865401393631428	5.120851129441889	training	1600
0.7580441492065045	0.8711696318509691	6.8084213215348806	4.877730203808168	9.581918328052508	test	1600
0.9206434354806959	0.9621597691704833	4.015809147295629	3.025497638795696	5.486387104940022	training	1600
0.7451276949013419	0.8637123991918032	7.07332357745515	4.805212473733476	9.834351436841807	test	1600
0.8809893338071153	0.941260926963677	4.862221784702546	3.431278682807909	6.7187478217408065	training	1600
0.7805098427791126	0.8840030944438689	6.608580653600326	4.866054461939434	9.126240837416132	test	1600
0.9262397059475778	0.9651684104609403	3.846221761398965	2.9063181690929722	5.289379209021163	training	1600
0.7394580409741839	0.8603986851743931	7.1317024728423855	5.249228834074887	9.943132752189243	test	1600
0.8890976526660606	0.9457825793781472	4.719876678896147	3.5612618228597985	6.484760256383979	training	1600
0.7809699711143282	0.8842060302038338	6.4798843859599	4.902800791928819	9.116669918297827	test	1600
0.9238673504399373	0.9638308019691155	3.853765543698176	2.8729971965446075	5.373843529460886	training	1600
0.7716249029767197	0.8788817668740974	6.767002046416967	4.618843097372011	9.309123095548287	test	1600
0.9210417298372034	0.9623688550448144	4.017333539732355	2.906928092142536	5.472715381259755	training	1600
0.7547013947168544	0.8692504649756375	6.88610953578582	4.819159511574252	9.647881043981728	test	1650
0.9019572382526332	0.9525165077077263	4.379584615237606	3.2093749076525797	6.0977016482290844	training	1650
0.7459109699080477	0.8641483523595885	7.104012035714804	5.181447690337805	9.819228316612653	test	1650
0.8898093116352394	0.9461439796370515	4.708642057504423	3.578044412670456	6.464358796848268	training	1650
0.7468005222747752	0.8647670791247475	7.087387091187393	5.243955754129905	9.802024944739113	test	1650
0.8772788778184115	0.9393592458462413	4.972018472654649	3.719712592935869	6.822161757192771	training	1650
0.7547308350012409	0.8692108006542665	6.872437482589082	4.654784238652114	9.647302066200288	test	1650
0.9042180456224287	0.9537798214947932	4.3608915314176695	3.2695774758148493	6.027011768159315	training	1650
0.7547162528312834	0.869270772969275	6.939687349422296	4.774657037910724	9.64758884604776	test	1650
0.9080197197927415	0.9558237856107077	4.295168346804596	3.0913592743745677	5.905515089181034	training	1650
0.751360827922936	0.8672341479671154	7.084119133277938	5.146522306615477	9.713353091687901	test	1650
0.9010728124339241	0.9521668013628276	4.503639314451076	3.566219656954169	6.125264737483801	training	1650
0.7680442758238877	0.8768247634056201	6.883662145020522	5.009891549078258	9.381816793346204	test	1650
0.9094958664162917	0.9565056810331054	4.314927132311335	3.3104877636157766	5.858868168787806	training	1650
0.7411899161547597	0.8614494267254214	7.217999675889203	5.352582091638103	9.910030642552725	test	1650
0.8790932862643367	0.9402809948831846	4.974450146929203	3.940869070468625	6.771628024666269	training	1650
0.7763122608645155	0.8816508012882195	6.715428351958509	4.959922476158131	9.213093754056088	test	1650
0.9192798064922147	0.9615357643401666	4.061482057429912	3.0545496658173854	5.533303028689019	training	1650
0.7597325905287826	0.8721068379447188	6.9756458990236885	5.353683565328666	9.548427031308943	test	1650
0.8980016122383695	0.9504263910749261	4.568663349692348	3.5512000265748527	6.220035832066544	training	1650
0.7717529910221813	0.879016547258403	6.791486213905205	4.775880514689753	9.306512139631053	test	1700
0.9150452721509876	0.9593756282495327	4.159836962252429	3.1129431417543323	5.676833170118844	training	1700
0.7442162754903981	0.8631451483110552	7.138876089605168	5.061109494216503	9.851919489209534	test	1700
0.8782240958710186	0.9398502753512851	4.9673698566289834	3.7661009277979183	6.7961090327646065	training	1700
0.752237563393023	0.8678981271141348	7.150584855433275	5.348608847703689	9.696212667751567	test	1700
0.8790423228064924	0.9402613364987447	5.005073306056016	3.9002980871897517	6.773356160472596	training	1700
0.7430384875955207	0.8624936206051592	7.177859493645804	5.119750201252019	9.87457563122278	test	1700
0.8854108884917222	0.9437235142000125	4.8536093275870265	3.728927818629926	6.591917781096082	training	1700
0.7629451051081516	0.8738615077004009	6.905209101996329	5.038494799665801	9.484378215451716	test	1700
0.9043302447842504	0.9536315194975834	4.40072935094703	3.1859080307725103	6.023863238696202	training	1700
0.7899217584292828	0.8893439760163631	6.407443730283036	4.904350871095417	8.928426697523788	test	1700
0.9298156375555204	0.9669008078481715	3.7315299725640703	2.932841283440444	5.159745025124821	training	1700
0.767233334369731	0.8763011511029682	6.719023430985973	4.638638178096151	9.398202390418371	test	1700
0.9209074111408607	0.9625349554815074	3.985676390805346	2.889067998101091	5.476834202492047	training	1700
0.7790260389888332	0.8831160652067847	6.7179738682873555	4.799085214328576	9.157036618766226	test	1700
0.9249987962903934	0.9645541924223991	3.9362260642034954	2.962406382798051	5.333642330244933	training	1700
0.7760615764546668	0.8814051049727479	6.645293728398871	4.6159881963479314	9.218254815323647	test	1700
0.9201871405920945	0.961994678488179	3.990291264989321	3.024342631707367	5.502127946329337	training	1700
0.7384679524389287	0.8598517974584908	7.269094277378016	5.104554284974185	9.962007345134273	test	1700
0.8812537091670932	0.9415435466380295	4.936498235498776	3.7197547676799454	6.7108931808889025	training	1700
0.7516987507437922	0.8674938365748126	6.99485678742877	4.800211326646563	9.706750190656505	test	1750
0.8963338184723953	0.9495654578717759	4.551041096291741	3.3450229654924106	6.270351166838442	training	1750
0.7433669025177954	0.8627068909349428	7.15451874089887	5.170780410471211	9.868263411927817	test	1750
0.8785711445817366	0.940045749311969	4.928168756372799	3.7462934724234254	6.786282070835254	training	1750
0.7781653506743749	0.8825905445281328	6.722142404350478	4.72628489268083	9.174852507263775	test	1750
0.9281823503703528	0.9660939085188995	3.8634890225763954	2.7393339482149304	5.219477190575359	training	1750
0.7474510764740814	0.8650623793558777	7.037139106380997	4.844595478753787	9.789424504529768	test	1750
0.8884934789344529	0.9453772346767405	4.71051968978324	3.4430205965085365	6.503428436128248	training	1750
0.7453958269529284	0.8638715982217309	7.030964568159746	4.656811110905753	9.829177083525364	test	1750
0.8945561024203631	0.9487072861717136	4.574803536013239	3.3947920044814346	6.323396061627371	training	1750
0.7620225237930098	0.8734545636523091	6.868939511229816	4.938720365212772	9.502816166576762	test	1750
0.9003683241481922	0.9515816163043891	4.439515655697694	3.2160958864320732	6.147551030731091	training	1750
0.7793061515925137	0.883260920373785	6.638321208972726	4.973856946329455	9.151230923969582	test	1750
0.9178091856572247	0.9607564196159614	4.0516990538785045	3.0604796247782344	5.5836347135282365	training	1750
0.7596378526217373	0.872082060641344	6.927144272289085	5.093819911657706	9.55030932745743	test	1750
0.8880586113474098	0.9450415932600092	4.748977967467655	3.6426758598472566	6.516148025893371	training	1750
0.7741788362652515	0.8802711744544695	6.740390884408689	4.709935907791743	9.25692449125285	test	1750
0.9224292061088907	0.9632187451507407	3.9873017290816426	3.0595239904757916	5.424038995204112	training	1750
0.7847906529637867	0.8865292620999561	6.5339928111810215	4.604927817776236	9.036806134974801	test	1750
0.9247692081786939	0.9644680565447352	3.9005383110842424	2.8741257800352247	5.341545786325472	training	1750
0.7709302175034677	0.8785072903173327	6.805530213307919	4.894636959608411	9.323270877573226	test	1800
0.9184954081365851	0.9611954486830361	4.094686859485019	3.1288330953397314	5.560115273886904	training	1800
0.7716390451949795	0.8789653907374896	6.695914994702504	4.80023197385499	9.308834855520042	test	1800
0.9072929335044849	0.9553978480318022	4.276602314506297	3.1623243034105366	5.929472804194041	training	1800
0.7508379540135134	0.8670468337466007	7.045739873189161	5.181214174771247	9.723561039874298	test	1800
0.8892548437309865	0.9457919339936642	4.733619909044863	3.6397135106704486	6.48095910834188	training	1800
0.7568951925748144	0.8705770842074979	6.90359563483385	4.6558107906293955	9.604641832921452	test	1800
0.8989607090689614	0.9509520074935595	4.491476342491197	3.2007995859900293	6.190422353905186	training	1800
0.7638182986052541	0.87444238273173025	6.8702855404787515	5.069434870820675	9.466894210559698	test	1800
0.9036608528450022	0.9533909239217434	4.419926117186687	3.356160583187985	6.044997537706439	training	1800
0.7859947665438768	0.8870991769330026	6.491008855898069	4.3587529105465315	9.011489845600217	test	1800
0.9296558539080603	0.9669843297616265	3.725088225944829	2.6266274292924305	5.165435931455027	training	1800
0.7535344976633273	0.8685646065303217	6.9627310161786635	4.971315277644385	9.670801530814378	test	1800
0.8972250168084459	0.9500593510505598	4.53696686552772	3.5778080665816177	6.243226569368429	training	1800
0.7494752207984652	0.8661835589035093	6.949961481537358	4.600684748142163	9.750115146730804	test	1800
0.8942490708457033	0.9484628431854297	4.5590558499339835	3.1921027307661305	6.332972136540295	training	1800
0.7309552583398453	0.8555257322864123	7.234666399274011	5.095700148846134	10.104077178033194	test	1800
0.8694083417666252	0.935061447214826	5.09728859400656	3.6951513471059987	7.037668523466641	training	1800
0.7522775366257446	0.8678199287844691	6.9405422215720876	4.627529144899778	9.695430457572412	test	1800
0.9005183715577808	0.9518258523780596	4.448281420806333	3.1231508890579422	6.142493617139616	training	1800
0.7500300856328475	0.8665182126186338	7.101728051345004	5.4546876995969775	9.739311834392206	test	1850
0.8961615403621015	0.9496205166482908	4.626044364029426	3.7618951365856783	6.275066625110972	training	1850
0.7512394350000923	0.8672583958398412	7.065463666271714	5.144226832371482	9.715723974010983	test	1850
0.8933283115712428	0.9480292270911834	4.665674580875598	3.6245389710708107	6.360279240227351	training	1850
0.7747933768159073	0.8807800621527401	6.724839333678102	5.088408622495976	9.24432020088796	test	1850
0.9105131396377643	0.9569350179278696	4.249361229928102	3.1901718436421596	5.826210404344141	training	1850
0.7595335134086393	0.8719058328878513	6.869199411143763	4.785530831619617	9.552381957558245	test	1850
0.9120194717854861	0.9578746008380495	4.199934386700756	3.2280811881683245	5.7761345903159675	training	1850
0.7630319647272206	0.8740951870738857	6.878628872121275	5.216820976106649	9.482640464041008	test	1850
0.9061847618101592	0.9548066808466581	4.361001458533468	3.32830375944688	5.965194191028361	training	1850
0.7539598739879314	0.8687554683982145	6.9956135920619635	4.939816768339398	9.662452478952176	test	1850
0.9019501825016264	0.9526907085361027	4.464999429977811	3.3511772211321054	6.097969638296888	training	1850
0.7557732277997125	0.8699391452348025	7.016033875156735	5.3274109635693305	9.626779743820428	test	1850
0.8966218965351125	0.949780609673412	4.587336615750896	3.4022837998991173	6.261626657365732	training	1850
0.7819534679986023	0.8846357017419565	6.5561819049878585	4.693678081847228	9.09617888271481	test	1850
0.933981137411538	0.969163246595122	3.6560435900301314	2.647042575634998	5.003986938693247	training	1850
0.7694118798702994	0.877504924752677	6.697958545146302	4.589660091882375	9.35411844953782	test	1850
0.925162140134191	0.9646628785000512	3.881218981154256	2.8978351028099714	5.3277508052564	training	1850
0.7413371651067047	0.8614828689940841	7.099944373114381	5.084457060419098	9.90721110549944	test	1850
0.8779163448322324	0.93967790377563	4.917239250045112	3.66026449113303	6.804516762980643	training	1850
0.7588213071851232	0.8715152935907668	6.972323936347299	5.206669648592889	9.566517473896184	test	1900
0.9072031220698327	0.9552524215413593	4.345464995962657	3.4190482295862044	5.932606124916385	training	1900
0.7646023150050449	0.8748296793360946	6.929757124596592	4.7442831726200625	9.451168245965727	test	1900
0.9220035961789877	0.9630633678269165	4.027480350232566	2.9140806527285954	5.438782593450995	training	1900
0.7543640436325068	0.8690464672354952	7.010614044275564	5.007582823808624	9.654512970952032	test	1900
0.895816763136282	0.9493237747326815	4.591492903842613	3.525854370229053	6.2857539071207285	training	1900
0.7463362583759164	0.8643479302750946	7.105563090003302	5.189124978603134	9.811007274062474	test	1900
0.8788604781366043	0.9402082106417021	4.924441610184579	3.603458453395432	6.77822281344708	training	1900
0.7536970265402809	0.8686812666501261	7.012916129473304	4.999202905276347	9.667612354831377	test	1900
0.8894614222780975	0.945931510506334	4.700061254385401	3.402479546241151	6.47507089431162	training	1900
0.7751225106788725	0.8808465108345238	6.72719580774195	4.493148071835621	9.237562559247278	test	1900
0.9232313631307838	0.9635956678732814	3.9347145338345304	2.9058219656566258	5.396181658201809	training	1900
0.7625251465987678	0.8737102538374043	6.8750073352995065	4.890434440971751	9.49277560130413	test	1900
0.9002707926706403	0.9515625022001475	4.4692458426303245	3.4119654085416404	6.150403140419327	training	1900
0.7551431825817088	0.8694719976681298	6.946919133726214	5.004739956564318	9.639189111913483	test	1900
0.9013798148126807	0.9522209435458507	4.446294566508847	3.3624946507957483	6.1157925410241525	training	1900
0.7654150014037772	0.8753376747601075	6.887113413634507	5.126569261969056	9.434839545284392	test	1900
0.9057499605218293	0.9545380066718357	4.3608344791411335	3.2308151056281504	5.9791419101095356	training	1900
0.7953334015497917	0.8923130611585457	6.317266932116189	4.3610569519331985	8.812677683903258	test	1900
0.935938200678267	0.9700307316203757	3.5359922271954902	2.527688403586545	4.92980794205858	training	1900
0.75794581574234	0.8710822151499547	6.991680238020389	5.2118959201491215	9.58386522767589	test	1950
0.8944543998861741	0.9485530470703766	4.642851447292932	3.4896590789681516	6.327192155396318	training	1950
0.7634731937735377	0.8743250876548343	6.846420858506665	5.094217779181372	9.473808121200584	test	1950
0.9012960664782343	0.9520921560109289	4.4410446284203005	3.3626561758396902	6.118410350314983	training	1950
0.7533069110451168	0.8683547126428398	7.037082217168081	5.207519810008877	9.675265516930851	test	1950
0.8948441988460379	0.9487737213939788	4.615617834328295	3.541191635908992	6.315507231563284	training	1950
0.7809192520539198	0.8842375341610078	6.5212332554791255	4.724318467001684	9.11772539495968	test	1950
0.9282404530387591	0.9661707964990176	3.7589253571729992	2.721056109184517	5.2171954757745205	training	1950
0.7542910224747591	0.8689487205348034	6.965124143343653	5.012674068498052	9.655947881662023	test	1950
0.900450984220192	0.951784687340765	4.474249237148349	3.467526625385113	6.144527390760851	training	1950
0.7567589474965198	0.8704070211438965	6.8631288144581415	4.8562682337813055	9.607332857213905	test	1950
0.9043792320417109	0.9538625862498727	4.336570470476258	3.1389002583616126	6.022321645441379	training	1950
0.7624773360903666	0.8736443429147147	6.935582947154521	5.065091466535874	9.493731137395539	test	1950
0.9033553215374911	0.9533196371388915	4.430372431850106	3.306679449525131	6.054353511288383	training	1950
0.73921589380274	0.8602450891359478	7.209066502842468	5.101927135114301	9.947752242869026	test	1950
0.8769073331578896	0.9391696925001295	4.972728869233382	3.7424131649553645	6.832822056482499	training	1950
0.7472807496420619	0.8649671778721908	7.098597038639136	5.284987092075983	9.79272509397157	test	1950
0.886149610347846	0.9441729540543274	4.780893469349547	3.7183472613909547	6.571155901630731	training	1950
0.7674973500123216	0.8764755832960214	6.847626177389012	5.1231124710322025	9.39287092160206	test	1950
0.9102167834156133	0.9568179451858574	4.27166584538619	3.2886575597118353	5.835902976285608	training	1950
0.7741601929702439	0.8802510873457716	6.653184573798212	4.577497531264056	9.25730659895591	test	2000
0.9304042772207695	0.9673161250341037	3.7579734291321736	2.808533114381391	5.137813589471787	training	2000
0.7601412302196762	0.8723293003698785	6.958514031163931	5.208608820175986	9.540303734986422	test	2000
0.900305207891495	0.9516869675168002	4.488339798678955	3.401570422289664	6.1491636987798675	training	2000
0.7594214449967076	0.871891475130445	6.95345979544685	5.000820536532014	9.554607622332762	test	2000
0.9072342019925391	0.9554265027127333	4.333062869377716	3.319057793261767	5.9313512446559304	training	2000
0.7592091527676817	0.8717567642775526	6.857713112888255	5.191449319453859	9.55882229906626	test	2000
0.922991925568849	0.9635715102077763	3.985617715215586	3.186176531480316	5.404295029678788	training	2000
0.7469976396398375	0.8647585843564501	7.052598342438804	4.906540377513941	9.798208733227236	test	2000
0.8918853213717423	0.9471765084795758	4.660574669127801	3.4946015366348284	6.40354511166371	training	2000
0.7530726667710623	0.8682600465239647	6.999113105574544	5.264215066013882	9.679857939463194	test	2000
0.9053210881093798	0.9543199344310744	4.404885206814014	3.4204330642755583	5.992497133804173	training	2000
0.7414034003829979	0.8615171749857949	7.240854161936617	5.082141561340158	9.905942564390868	test	2000
0.8726069160611009	0.936877992905876	5.097334229849538	3.66893661470777	6.950980797774373	training	2000
0.7609462393292782	0.8727332919943008	6.9267247293890675	5.171247133813768	9.524280793341587	test	2000
0.9080090347555967	0.9557114298428818	4.330148509906141	3.3578158399029783	5.906613702414739	training	2000
0.7658897311047288	0.8757109436334701	6.834783505959096	4.614517721181963	9.425288067321178	test	2000
0.916487775439044	0.9601667119082385	4.123290216953033	3.0233095552572204	5.6284763872210775	training	2000
0.7538768715904773	0.8688334625506474	7.011548167717983	5.153770566938322	9.66408217063211	test	2000
0.9032396139128342	0.9533106453898404	4.445965388560767	3.405246545792772	6.057479037223707	training	2000
